Order_ID,Order_Date,Region,Segment,Category,Product,Quantity,Sales,Profit
1,2024-10-16,Central,Consumer,Furniture,Chair,9,350.35,68.17
2,2023-03-31,East,Consumer,Technology,Mouse,10,158.67,-1.1
3,2023-01-28,South,Consumer,Technology,Monitor,1,684.83,7.72
4,2023-06-13,Central,Corporate,Technology,Mouse,6,250.11,70.75
5,2023-04-15,East,Corporate,Furniture,Filing Cabinet,1,1274.29,180.3
6,2024-04-15,South,Consumer,Technology,Laptop,10,837.02,193.99
7,2024-01-06,East,Consumer,Technology,Monitor,2,998.67,208.95
8,2023-08-27,Central,Corporate,Furniture,Filing Cabinet,6,960.81,44.13
9,2023-12-30,East,Home Office,Furniture,Bookcase,4,959.77,109.08
10,2023-06-17,Central,Home Office,Office Supplies,Storage Box,6,1038.48,-12.62
11,2023-02-27,Central,Corporate,Furniture,Chair,10,416.26,-6.5
12,2023-11-19,South,Home Office,Furniture,Filing Cabinet,4,699.1,4.16
13,2024-07-28,South,Home Office,Technology,Keyboard,3,611.11,-7.5
14,2024-06-05,East,Consumer,Office Supplies,Paper,7,246.21,-8.87
15,2024-09-02,South,Home Office,Furniture,Filing Cabinet,9,1494.26,166.83
16,2023-01-12,Central,Home Office,Technology,Laptop,3,523.46,9.11
17,2024-04-09,West,Home Office,Furniture,Bookcase,5,1370.69,340.22
18,2024-10-16,West,Consumer,Technology,Printer,9,573.39,-20.29
19,2023-01-01,South,Consumer,Technology,Keyboard,5,185.56,8.39
20,2023-09-03,East,Consumer,Furniture,Table,9,1103.22,249.78
21,2023-05-09,West,Corporate,Furniture,Filing Cabinet,4,800.96,114.25
22,2024-07-06,Central,Corporate,Technology,Monitor,8,1492.82,238.78
23,2024-06-13,West,Consumer,Office Supplies,Paper,9,114.76,-10.51
24,2023-08-24,East,Consumer,Technology,Monitor,2,1067.6,-81.62
25,2023-02-02,West,Corporate,Office Supplies,Paper,3,1010.09,-14.45
26,2024-08-07,West,Corporate,Technology,Mouse,2,1215.1,-28.96
27,2024-11-05,South,Corporate,Office Supplies,Pen,2,711.2,136.29
28,2023-03-04,East,Consumer,Office Supplies,Pen,3,303.55,34.76
29,2024-03-08,South,Consumer,Furniture,Bookcase,9,1314.24,-91.79
30,2023-04-11,East,Consumer,Furniture,Chair,4,266.14,25.09
31,2024-02-15,South,Consumer,Furniture,Table,8,1478.26,8.99
32,2023-10-20,West,Consumer,Office Supplies,Storage Box,10,459.13,131.99
33,2024-07-09,East,Consumer,Furniture,Bookcase,9,884.58,89.47
34,2023-06-11,West,Consumer,Furniture,Chair,4,900.65,153.19
35,2024-02-18,East,Home Office,Furniture,Table,10,141.34,23.03
36,2024-06-19,West,Home Office,Office Supplies,Pen,7,1079.96,-4.89
37,2023-05-15,South,Corporate,Technology,Keyboard,1,1394.95,382.63
38,2024-04-14,East,Consumer,Technology,Printer,3,815.7,83.49
39,2023-12-24,Central,Corporate,Furniture,Table,5,253.47,59.18
40,2024-09-18,East,Home Office,Technology,Printer,2,1229.31,24.28
41,2023-05-18,East,Home Office,Office Supplies,Paper,10,838.77,7.5
42,2023-08-04,West,Home Office,Technology,Keyboard,8,958.67,5.36
43,2023-09-15,South,Corporate,Furniture,Chair,3,85.25,2.85
44,2024-10-14,South,Home Office,Office Supplies,Binder,2,1064.39,132.37
45,2023-03-19,East,Corporate,Technology,Monitor,3,882.11,-35.96
46,2023-02-12,East,Corporate,Office Supplies,Pen,2,330.91,-0.06
47,2023-12-29,West,Consumer,Technology,Mouse,3,1299.62,377.52
48,2024-02-27,Central,Corporate,Furniture,Table,4,1207.31,296.55
49,2023-10-01,South,Consumer,Furniture,Chair,8,1290.72,-14.23
50,2023-12-25,West,Consumer,Office Supplies,Binder,5,996.85,59.2
51,2023-03-13,South,Home Office,Office Supplies,Pen,1,1472.1,168.54
52,2023-04-29,Central,Consumer,Office Supplies,Binder,6,180.44,13.32
53,2024-03-22,East,Corporate,Technology,Printer,1,1351.27,-32.39
54,2024-12-26,West,Corporate,Office Supplies,Paper,6,658.32,184.03
55,2024-09-30,Central,Home Office,Office Supplies,Paper,7,477.74,30.27
56,2024-12-14,West,Corporate,Office Supplies,Binder,3,1004.1,51.87
57,2024-09-22,South,Home Office,Technology,Keyboard,4,1253.91,27.02
58,2024-03-16,Central,Corporate,Technology,Printer,9,673.84,114.72
59,2024-04-29,East,Corporate,Technology,Monitor,6,782.87,119.92
60,2023-04-06,West,Consumer,Furniture,Bookcase,8,238.08,-19.41
61,2024-09-17,South,Home Office,Furniture,Filing Cabinet,7,871.99,163.36
62,2024-05-21,West,Home Office,Office Supplies,Binder,2,1037.68,266.75
63,2024-03-11,South,Consumer,Furniture,Table,2,844.96,225.59
64,2024-04-12,Central,Corporate,Furniture,Filing Cabinet,9,926.73,173.96
65,2024-03-12,West,Home Office,Technology,Mouse,4,1295.01,103.64
66,2024-10-14,West,Corporate,Office Supplies,Storage Box,4,671.01,124.42
67,2023-10-06,East,Consumer,Office Supplies,Pen,3,243.23,12.94
68,2024-12-24,South,Corporate,Furniture,Chair,1,509.7,44.02
69,2023-07-31,East,Home Office,Office Supplies,Storage Box,6,582.96,-56.92
70,2023-11-02,West,Corporate,Office Supplies,Storage Box,1,344.74,25.63
71,2024-02-03,West,Corporate,Office Supplies,Storage Box,9,1380.92,403.63
72,2023-01-28,East,Home Office,Office Supplies,Paper,3,654.35,161.45
73,2023-02-21,Central,Consumer,Office Supplies,Storage Box,7,692.96,24.25
74,2023-10-12,East,Corporate,Office Supplies,Pen,6,48.69,5.64
75,2023-08-18,East,Consumer,Technology,Laptop,1,1425.43,-28.87
76,2024-09-28,West,Corporate,Furniture,Table,4,1010.8,126.94
77,2024-04-21,Central,Consumer,Technology,Keyboard,2,916.72,261.72
78,2023-06-17,East,Corporate,Office Supplies,Paper,7,872.18,229.57
79,2024-02-11,East,Home Office,Technology,Monitor,2,1042.11,157.25
80,2024-12-14,East,Corporate,Office Supplies,Paper,2,808.46,133.08
81,2024-06-02,East,Corporate,Technology,Keyboard,6,1237.05,-71.48
82,2024-10-12,South,Consumer,Office Supplies,Binder,5,1106.02,316.53
83,2024-09-22,South,Corporate,Technology,Mouse,6,1242.09,170.15
84,2023-09-09,South,Consumer,Furniture,Bookcase,7,1130.7,144.66
85,2023-12-11,Central,Consumer,Furniture,Filing Cabinet,5,741.57,31.09
86,2023-12-15,East,Home Office,Office Supplies,Pen,7,1423.13,-93.58
87,2024-05-15,South,Home Office,Technology,Monitor,1,1073.53,85.1
88,2023-04-06,South,Home Office,Office Supplies,Binder,6,380.09,62.94
89,2024-04-29,Central,Corporate,Technology,Printer,6,1495.01,179.63
90,2024-12-20,Central,Corporate,Office Supplies,Pen,6,361.2,68.09
91,2023-05-03,West,Consumer,Technology,Printer,10,340.25,31.87
92,2024-06-21,East,Consumer,Technology,Keyboard,5,458.44,20.33
93,2023-01-15,West,Corporate,Technology,Printer,5,87.36,-6.83
94,2024-12-15,East,Consumer,Furniture,Filing Cabinet,8,869.62,76.32
95,2023-12-15,Central,Corporate,Furniture,Chair,8,188.85,-13.95
96,2023-03-17,West,Consumer,Technology,Laptop,2,1220.49,341.31
97,2023-09-12,West,Home Office,Furniture,Filing Cabinet,5,582.96,153.55
98,2024-08-25,East,Home Office,Office Supplies,Pen,4,1440.96,-86.9
99,2024-10-02,East,Consumer,Furniture,Bookcase,3,375.0,45.3
100,2023-01-03,South,Corporate,Office Supplies,Storage Box,5,68.31,1.04
101,2024-12-20,West,Corporate,Office Supplies,Paper,4,1185.99,177.93
102,2024-03-11,West,Corporate,Furniture,Table,3,1243.41,-88.82
103,2023-11-11,Central,Corporate,Technology,Printer,7,204.04,35.8
104,2023-10-06,South,Corporate,Technology,Printer,7,139.05,-11.69
105,2023-11-27,East,Consumer,Technology,Keyboard,10,358.81,60.9
106,2024-08-24,East,Consumer,Furniture,Bookcase,5,716.34,115.05
107,2023-07-05,South,Consumer,Technology,Mouse,6,715.62,45.33
108,2024-11-17,Central,Corporate,Furniture,Table,7,1046.64,16.0
109,2024-07-17,East,Corporate,Furniture,Filing Cabinet,7,393.55,-21.11
110,2024-06-10,South,Consumer,Furniture,Filing Cabinet,8,297.62,13.31
111,2024-10-02,West,Corporate,Office Supplies,Paper,8,832.85,225.76
112,2024-12-16,East,Home Office,Office Supplies,Paper,3,921.13,-3.94
113,2023-11-15,South,Consumer,Technology,Laptop,2,352.56,83.4
114,2024-04-17,South,Home Office,Furniture,Table,7,451.96,82.33
115,2024-05-09,South,Home Office,Office Supplies,Binder,10,234.07,-5.56
116,2024-06-04,East,Corporate,Technology,Monitor,6,1163.56,281.31
117,2024-06-03,Central,Home Office,Office Supplies,Paper,8,461.86,62.25
118,2023-06-02,Central,Corporate,Office Supplies,Storage Box,8,836.84,98.22
119,2023-11-26,South,Consumer,Furniture,Table,6,1286.9,82.76
120,2024-04-29,South,Home Office,Technology,Mouse,3,1192.74,191.8
121,2024-05-22,Central,Consumer,Furniture,Table,9,1313.8,100.01
122,2024-04-12,South,Home Office,Furniture,Table,5,1455.54,-101.99
123,2023-12-13,East,Corporate,Technology,Mouse,7,1281.47,312.34
124,2023-11-21,East,Home Office,Technology,Mouse,5,121.26,18.49
125,2023-08-21,South,Consumer,Technology,Laptop,2,1145.35,207.95
126,2024-03-30,East,Consumer,Furniture,Bookcase,6,500.07,-38.78
127,2024-01-19,West,Home Office,Office Supplies,Binder,3,629.84,108.79
128,2023-06-24,South,Home Office,Furniture,Chair,10,1031.04,102.14
129,2023-05-27,Central,Corporate,Furniture,Filing Cabinet,8,397.88,-38.29
130,2023-10-22,West,Consumer,Technology,Printer,10,673.76,25.76
131,2023-11-03,Central,Corporate,Technology,Mouse,7,1271.05,-25.82
132,2024-05-09,South,Home Office,Furniture,Table,5,551.26,10.12
133,2023-01-23,Central,Consumer,Technology,Mouse,1,857.57,149.49
134,2024-09-12,Central,Consumer,Technology,Mouse,4,918.46,37.59
135,2024-09-27,East,Home Office,Office Supplies,Binder,8,976.58,23.02
136,2023-02-04,West,Consumer,Technology,Keyboard,7,1366.25,41.93
137,2023-06-29,Central,Home Office,Furniture,Table,3,762.66,6.87
138,2023-09-21,Central,Consumer,Office Supplies,Pen,4,713.13,-49.83
139,2024-11-23,Central,Consumer,Technology,Mouse,9,1190.21,-112.39
140,2023-05-07,Central,Home Office,Office Supplies,Pen,6,583.92,90.75
141,2023-04-21,South,Consumer,Technology,Monitor,6,936.93,259.78
142,2024-09-16,South,Home Office,Furniture,Chair,3,467.24,29.58
143,2023-02-16,South,Consumer,Furniture,Bookcase,3,163.84,41.76
144,2024-02-02,South,Home Office,Office Supplies,Pen,7,1118.56,-42.72
145,2024-11-01,South,Corporate,Furniture,Filing Cabinet,8,68.42,3.3
146,2024-03-31,East,Home Office,Furniture,Bookcase,6,563.66,146.93
147,2023-03-04,West,Consumer,Office Supplies,Pen,2,1424.54,327.18
148,2024-11-09,East,Corporate,Furniture,Chair,10,380.48,-18.88
149,2023-07-30,West,Consumer,Furniture,Table,10,506.27,-20.75
150,2023-01-03,West,Home Office,Office Supplies,Binder,1,390.97,-11.81
151,2023-05-15,West,Home Office,Furniture,Bookcase,1,499.18,-15.13
152,2023-05-10,East,Home Office,Technology,Mouse,6,114.07,9.05
153,2024-06-09,South,Home Office,Technology,Laptop,9,347.89,50.81
154,2023-11-05,East,Corporate,Office Supplies,Paper,2,1274.0,89.83
155,2024-05-17,East,Consumer,Technology,Mouse,3,496.73,-20.2
156,2023-10-09,Central,Corporate,Technology,Printer,8,1492.05,167.44
157,2024-06-01,East,Home Office,Technology,Mouse,9,189.33,30.65
158,2023-08-09,West,Corporate,Office Supplies,Storage Box,7,521.62,42.46
159,2023-04-08,Central,Home Office,Office Supplies,Storage Box,8,397.24,111.8
160,2023-03-10,East,Corporate,Furniture,Chair,3,162.92,31.85
161,2024-07-23,East,Corporate,Furniture,Bookcase,7,543.33,90.27
162,2023-02-22,Central,Consumer,Office Supplies,Pen,8,875.32,-13.05
163,2023-08-18,Central,Consumer,Furniture,Bookcase,7,1148.66,148.91
164,2024-07-28,East,Home Office,Technology,Printer,5,1395.04,323.35
165,2023-01-30,Central,Corporate,Furniture,Bookcase,3,539.51,-14.8
166,2024-08-02,East,Consumer,Technology,Mouse,2,1116.63,322.4
167,2024-06-27,South,Corporate,Furniture,Filing Cabinet,6,524.53,25.19
168,2024-08-04,East,Consumer,Technology,Laptop,2,252.97,37.22
169,2023-10-06,South,Home Office,Office Supplies,Storage Box,9,674.23,6.25
170,2023-04-27,East,Corporate,Office Supplies,Storage Box,9,1023.76,140.51
171,2024-11-14,West,Corporate,Office Supplies,Paper,4,1476.98,-115.33
172,2023-11-05,Central,Corporate,Furniture,Table,7,505.62,-49.0
173,2023-06-29,West,Home Office,Furniture,Filing Cabinet,6,846.91,141.62
174,2023-03-15,South,Consumer,Office Supplies,Paper,6,700.44,-48.23
175,2024-08-12,South,Corporate,Office Supplies,Storage Box,6,190.46,-17.46
176,2023-06-25,Central,Consumer,Technology,Mouse,7,666.33,-38.42
177,2024-08-26,South,Corporate,Office Supplies,Paper,3,1123.79,-12.78
178,2023-03-20,West,Corporate,Technology,Laptop,3,539.63,152.87
179,2023-08-30,Central,Consumer,Furniture,Table,2,276.78,-10.75
180,2023-07-01,South,Home Office,Technology,Mouse,10,1144.62,91.07
181,2024-10-20,Central,Home Office,Technology,Printer,8,487.89,37.03
182,2024-03-28,Central,Home Office,Technology,Keyboard,5,103.13,10.62
183,2024-04-17,East,Corporate,Office Supplies,Paper,2,1250.91,-86.7
184,2024-09-21,South,Corporate,Technology,Printer,1,878.89,247.58
185,2024-04-05,Central,Home Office,Technology,Monitor,1,723.93,-28.71
186,2024-04-06,East,Home Office,Furniture,Bookcase,8,976.27,-82.34
187,2024-03-25,West,Corporate,Technology,Printer,7,571.82,7.52
188,2023-12-13,East,Home Office,Technology,Printer,2,978.01,-72.02
189,2024-07-25,Central,Corporate,Technology,Mouse,10,1091.13,177.45
190,2023-06-03,West,Corporate,Office Supplies,Paper,7,479.14,77.82
191,2023-05-13,Central,Home Office,Technology,Laptop,3,577.49,125.12
192,2024-11-17,East,Home Office,Technology,Printer,1,1012.27,104.66
193,2024-01-07,West,Corporate,Office Supplies,Binder,4,1422.55,134.44
194,2023-05-21,Central,Consumer,Furniture,Chair,9,771.38,89.41
195,2023-02-08,West,Home Office,Technology,Keyboard,10,577.55,-20.27
196,2023-06-19,East,Corporate,Technology,Mouse,8,559.16,105.03
197,2024-09-17,West,Home Office,Office Supplies,Storage Box,8,373.97,107.04
198,2023-07-18,South,Corporate,Office Supplies,Storage Box,7,1171.62,118.52
199,2023-06-15,Central,Consumer,Furniture,Table,9,968.94,241.89
200,2023-04-16,East,Corporate,Technology,Printer,8,144.14,-5.17
201,2024-06-09,East,Consumer,Furniture,Filing Cabinet,1,1228.72,311.91
202,2024-02-29,Central,Consumer,Furniture,Filing Cabinet,4,591.53,-39.84
203,2023-01-29,Central,Consumer,Office Supplies,Paper,8,223.65,3.3
204,2024-12-13,South,Home Office,Furniture,Filing Cabinet,5,27.77,-1.9
205,2023-08-09,East,Corporate,Furniture,Filing Cabinet,4,371.71,-19.05
206,2024-03-05,South,Consumer,Technology,Printer,10,184.07,48.24
207,2024-07-02,West,Corporate,Furniture,Table,4,655.27,95.62
208,2024-08-07,East,Home Office,Office Supplies,Binder,9,1462.49,-106.66
209,2024-07-11,East,Corporate,Technology,Printer,7,1312.53,-108.4
210,2024-01-18,Central,Consumer,Office Supplies,Paper,2,530.31,102.44
211,2024-08-18,West,Consumer,Technology,Keyboard,3,541.4,19.18
212,2024-12-02,West,Consumer,Office Supplies,Storage Box,8,113.39,23.87
213,2023-02-07,East,Consumer,Office Supplies,Binder,5,1330.97,34.92
214,2024-06-11,Central,Consumer,Office Supplies,Storage Box,6,1134.87,-26.74
215,2023-02-18,Central,Consumer,Technology,Keyboard,7,1203.03,89.96
216,2024-03-26,West,Corporate,Office Supplies,Pen,9,1044.26,49.02
217,2023-10-01,East,Corporate,Furniture,Filing Cabinet,9,911.63,208.71
218,2023-10-28,East,Corporate,Office Supplies,Paper,10,998.16,22.56
219,2024-03-12,Central,Corporate,Furniture,Filing Cabinet,6,82.69,20.51
220,2024-09-21,East,Consumer,Office Supplies,Pen,9,1013.35,63.32
221,2024-11-26,West,Home Office,Furniture,Chair,3,1023.57,77.04
222,2023-03-10,Central,Corporate,Furniture,Bookcase,3,1425.21,-124.06
223,2024-11-26,Central,Corporate,Office Supplies,Pen,9,1149.37,148.92
224,2024-01-11,Central,Consumer,Office Supplies,Pen,3,1441.57,-129.21
225,2024-05-26,East,Corporate,Technology,Mouse,4,1166.95,211.94
226,2024-09-18,West,Consumer,Office Supplies,Storage Box,3,220.88,-15.55
227,2024-03-31,Central,Home Office,Furniture,Bookcase,5,116.11,13.57
228,2023-06-11,Central,Home Office,Technology,Monitor,3,351.88,103.47
229,2023-08-31,Central,Home Office,Office Supplies,Paper,9,866.97,75.39
230,2023-05-13,East,Corporate,Technology,Laptop,8,609.28,113.8
231,2024-06-22,East,Consumer,Office Supplies,Storage Box,8,1459.12,228.99
232,2024-04-22,Central,Consumer,Technology,Printer,10,1319.38,279.85
233,2023-07-06,East,Consumer,Furniture,Filing Cabinet,3,786.79,17.03
234,2023-11-27,Central,Home Office,Technology,Monitor,5,1344.49,320.49
235,2023-07-21,Central,Consumer,Technology,Printer,2,945.03,137.76
236,2024-05-29,West,Consumer,Technology,Monitor,10,994.92,187.3
237,2023-12-12,East,Consumer,Technology,Laptop,10,87.28,13.67
238,2023-09-29,South,Home Office,Technology,Monitor,9,965.71,95.81
239,2023-10-24,South,Consumer,Technology,Keyboard,5,1210.94,210.7
240,2024-04-09,West,Corporate,Furniture,Chair,6,635.12,54.48
241,2024-09-13,Central,Home Office,Furniture,Bookcase,7,1482.27,56.55
242,2023-05-14,Central,Consumer,Office Supplies,Paper,4,710.38,4.96
243,2023-05-25,Central,Corporate,Furniture,Chair,3,1298.96,87.36
244,2023-12-02,West,Consumer,Technology,Keyboard,8,757.43,80.2
245,2023-11-12,East,Corporate,Office Supplies,Paper,4,768.06,220.18
246,2024-08-20,East,Corporate,Office Supplies,Paper,8,752.44,190.32
247,2023-10-20,East,Corporate,Technology,Laptop,6,218.22,1.26
248,2024-02-17,South,Consumer,Office Supplies,Paper,9,864.02,-19.13
249,2023-10-23,South,Home Office,Furniture,Filing Cabinet,10,433.99,128.3
250,2023-05-02,South,Corporate,Furniture,Chair,6,1196.45,42.63
251,2023-05-28,East,Consumer,Furniture,Filing Cabinet,8,77.59,14.39
252,2024-06-15,West,Corporate,Office Supplies,Binder,7,1398.43,38.33
253,2024-09-23,Central,Home Office,Technology,Keyboard,10,1245.87,140.7
254,2023-11-03,Central,Corporate,Office Supplies,Paper,10,1017.23,296.99
255,2023-11-12,South,Corporate,Technology,Laptop,10,1451.26,309.35
256,2024-08-14,South,Consumer,Furniture,Chair,7,795.86,150.0
257,2023-06-01,East,Home Office,Technology,Monitor,1,1423.34,-79.77
258,2024-03-27,West,Corporate,Office Supplies,Storage Box,10,1041.94,66.84
259,2024-04-27,West,Home Office,Technology,Laptop,8,326.87,9.81
260,2024-06-22,West,Corporate,Office Supplies,Pen,6,1369.94,50.59
261,2024-11-23,South,Consumer,Technology,Keyboard,5,1436.86,16.67
262,2023-08-19,West,Home Office,Office Supplies,Pen,6,1063.38,28.52
263,2024-07-27,Central,Consumer,Technology,Keyboard,7,868.75,101.88
264,2023-12-20,East,Corporate,Furniture,Bookcase,8,1433.86,-98.06
265,2024-11-02,West,Consumer,Office Supplies,Storage Box,9,1245.37,10.53
266,2024-12-13,East,Home Office,Office Supplies,Binder,1,1116.52,-4.79
267,2024-11-16,West,Consumer,Technology,Monitor,8,168.29,5.41
268,2023-04-13,East,Home Office,Technology,Monitor,8,1467.31,-54.03
269,2024-05-03,Central,Corporate,Technology,Monitor,2,442.41,-33.77
270,2024-10-29,East,Consumer,Technology,Monitor,1,638.47,150.07
271,2024-02-11,Central,Consumer,Office Supplies,Binder,2,33.72,4.29
272,2023-12-10,South,Consumer,Office Supplies,Storage Box,4,1279.57,111.59
273,2023-04-26,South,Home Office,Office Supplies,Binder,6,400.75,-10.23
274,2023-10-30,West,Home Office,Technology,Monitor,7,1287.1,333.12
275,2024-06-11,South,Home Office,Office Supplies,Paper,8,161.17,47.17
276,2023-11-28,Central,Corporate,Furniture,Chair,6,368.57,74.27
277,2023-11-06,East,Corporate,Technology,Printer,1,987.45,174.88
278,2024-11-14,Central,Consumer,Furniture,Filing Cabinet,5,620.02,62.63
279,2024-12-07,Central,Home Office,Furniture,Bookcase,8,346.86,98.14
280,2023-06-06,South,Home Office,Office Supplies,Pen,9,832.87,73.57
281,2024-11-11,East,Home Office,Furniture,Table,2,681.19,123.64
282,2024-07-31,West,Home Office,Furniture,Chair,9,814.26,-27.84
283,2024-03-28,South,Consumer,Furniture,Table,1,1350.36,105.59
284,2024-04-09,South,Home Office,Furniture,Filing Cabinet,5,105.45,8.96
285,2023-01-23,East,Home Office,Office Supplies,Pen,7,342.49,-24.24
286,2023-12-19,East,Consumer,Technology,Laptop,5,1479.48,131.42
287,2024-02-23,South,Corporate,Furniture,Table,7,1489.43,78.93
288,2024-01-20,Central,Consumer,Furniture,Table,9,284.14,32.65
289,2023-05-11,East,Consumer,Technology,Monitor,9,1468.17,125.09
290,2024-03-10,West,Consumer,Technology,Mouse,4,701.73,-26.63
291,2023-04-26,East,Consumer,Furniture,Filing Cabinet,1,325.0,-19.38
292,2024-04-02,West,Home Office,Technology,Laptop,9,85.47,6.46
293,2023-08-11,Central,Consumer,Furniture,Table,6,1227.36,236.4
294,2024-08-14,West,Corporate,Technology,Keyboard,9,1316.86,387.52
295,2023-08-15,Central,Consumer,Office Supplies,Pen,3,843.94,115.34
296,2024-10-03,South,Consumer,Technology,Mouse,7,1458.99,403.61
297,2024-06-21,South,Consumer,Office Supplies,Storage Box,9,463.83,-12.27
298,2024-04-29,Central,Home Office,Furniture,Table,1,233.64,19.91
299,2024-07-29,West,Corporate,Office Supplies,Storage Box,2,379.43,-7.08
300,2024-04-05,West,Consumer,Office Supplies,Paper,10,417.32,70.72
301,2023-02-10,West,Corporate,Furniture,Table,5,329.16,86.51
302,2023-01-16,East,Home Office,Furniture,Table,4,1499.37,137.29
303,2024-12-13,South,Consumer,Technology,Monitor,7,837.08,175.96
304,2024-04-22,Central,Corporate,Technology,Keyboard,8,552.27,139.79
305,2023-04-11,Central,Consumer,Technology,Mouse,10,568.64,37.29
306,2023-08-15,East,Corporate,Technology,Monitor,7,838.9,112.09
307,2023-10-30,Central,Consumer,Furniture,Table,8,582.16,135.84
308,2024-07-17,Central,Corporate,Technology,Keyboard,8,1450.43,227.25
309,2024-04-16,West,Consumer,Furniture,Bookcase,9,1086.06,103.53
310,2024-10-19,East,Home Office,Furniture,Chair,3,91.8,-8.95
311,2024-10-07,West,Consumer,Furniture,Chair,1,343.71,28.32
312,2024-09-24,South,Home Office,Technology,Printer,9,742.02,-72.24
313,2024-02-26,Central,Home Office,Furniture,Chair,7,1466.67,-136.61
314,2023-07-03,West,Consumer,Furniture,Chair,6,304.06,33.62
315,2023-10-01,Central,Corporate,Office Supplies,Paper,4,699.32,-1.9
316,2023-11-04,East,Consumer,Technology,Laptop,8,619.81,31.53
317,2023-02-27,West,Consumer,Technology,Laptop,6,759.79,55.89
318,2024-08-02,West,Consumer,Furniture,Chair,10,1353.88,239.52
319,2024-05-01,East,Home Office,Office Supplies,Paper,10,1389.87,360.98
320,2024-11-04,Central,Consumer,Furniture,Table,7,1442.97,194.53
321,2023-03-20,West,Home Office,Office Supplies,Binder,9,1255.28,69.87
322,2023-12-06,East,Home Office,Office Supplies,Binder,2,1123.28,43.07
323,2024-03-23,Central,Home Office,Furniture,Chair,7,1158.13,326.53
324,2023-12-01,South,Corporate,Furniture,Bookcase,7,357.64,43.35
325,2024-03-18,East,Home Office,Furniture,Filing Cabinet,2,457.16,-0.65
326,2023-03-26,South,Home Office,Office Supplies,Binder,7,1180.16,-45.19
327,2023-11-21,East,Consumer,Office Supplies,Paper,5,1415.58,110.27
328,2023-04-15,West,Corporate,Furniture,Chair,7,684.29,83.41
329,2023-04-16,Central,Home Office,Furniture,Chair,6,157.74,21.96
330,2024-01-30,South,Corporate,Furniture,Bookcase,9,1173.17,222.83
331,2023-09-06,West,Home Office,Technology,Printer,5,583.48,-25.94
332,2023-10-02,East,Consumer,Office Supplies,Binder,8,663.32,45.4
333,2023-03-20,West,Home Office,Office Supplies,Pen,4,945.05,129.97
334,2024-04-13,Central,Consumer,Furniture,Table,10,1424.26,46.84
335,2024-01-25,Central,Corporate,Office Supplies,Storage Box,10,1226.9,299.12
336,2023-05-20,West,Corporate,Office Supplies,Pen,6,484.99,138.62
337,2023-10-26,West,Corporate,Technology,Mouse,7,576.56,130.65
338,2024-01-09,West,Home Office,Furniture,Table,8,1156.07,-103.16
339,2024-12-26,Central,Home Office,Furniture,Filing Cabinet,7,122.35,29.26
340,2024-11-20,Central,Consumer,Office Supplies,Binder,7,393.97,-15.11
341,2024-01-22,South,Home Office,Furniture,Filing Cabinet,7,613.19,62.94
342,2024-07-10,East,Consumer,Furniture,Bookcase,6,1158.05,188.81
343,2023-06-20,East,Home Office,Technology,Printer,7,1475.74,252.33
344,2023-12-06,East,Consumer,Office Supplies,Paper,9,402.93,42.01
345,2024-07-25,West,Corporate,Technology,Printer,10,573.7,48.89
346,2024-12-08,Central,Consumer,Technology,Monitor,2,734.5,13.35
347,2023-04-29,Central,Corporate,Technology,Monitor,9,527.74,112.78
348,2024-05-09,East,Corporate,Office Supplies,Storage Box,2,1088.55,88.15
349,2023-11-04,East,Corporate,Furniture,Chair,3,979.0,167.27
350,2023-09-07,West,Corporate,Technology,Monitor,4,848.58,240.47
351,2024-02-19,West,Home Office,Technology,Monitor,10,992.82,57.81
352,2023-07-22,South,Consumer,Office Supplies,Storage Box,2,1063.01,-18.8
353,2024-08-14,Central,Corporate,Furniture,Table,8,311.67,-16.96
354,2024-06-24,South,Home Office,Technology,Keyboard,6,600.97,-32.64
355,2024-04-13,Central,Home Office,Technology,Monitor,6,893.45,150.85
356,2023-05-01,East,Consumer,Furniture,Bookcase,7,572.49,-24.88
357,2024-03-04,South,Corporate,Technology,Monitor,3,294.92,45.48
358,2024-07-22,Central,Consumer,Furniture,Filing Cabinet,10,296.91,70.31
359,2023-02-24,South,Consumer,Office Supplies,Paper,9,308.79,16.54
360,2024-06-01,South,Home Office,Technology,Mouse,8,747.75,137.63
361,2024-05-15,East,Consumer,Furniture,Chair,9,452.29,4.5
362,2023-10-23,South,Home Office,Furniture,Filing Cabinet,5,775.99,100.17
363,2024-07-10,South,Home Office,Office Supplies,Paper,4,343.44,24.06
364,2023-11-01,Central,Corporate,Furniture,Filing Cabinet,2,1296.06,-84.51
365,2023-08-31,South,Consumer,Furniture,Bookcase,4,931.9,199.37
366,2023-03-02,Central,Home Office,Technology,Keyboard,5,817.38,24.08
367,2023-10-24,East,Consumer,Technology,Keyboard,1,1444.9,309.61
368,2023-10-11,West,Consumer,Technology,Monitor,4,236.44,6.82
369,2024-11-23,West,Home Office,Office Supplies,Storage Box,7,955.95,144.47
370,2024-04-07,South,Home Office,Furniture,Chair,6,1129.71,200.95
371,2024-04-10,East,Home Office,Office Supplies,Pen,6,157.85,45.6
372,2023-03-06,West,Corporate,Technology,Mouse,6,1240.77,121.45
373,2023-10-18,South,Corporate,Office Supplies,Binder,1,1343.35,275.25
374,2023-04-12,East,Consumer,Technology,Mouse,8,1395.56,-51.37
375,2023-01-01,West,Home Office,Office Supplies,Binder,5,466.76,116.58
376,2023-04-06,Central,Consumer,Technology,Keyboard,3,570.33,149.15
377,2023-02-23,West,Corporate,Office Supplies,Pen,1,990.12,179.69
378,2023-08-07,West,Home Office,Office Supplies,Paper,1,354.76,61.02
379,2023-01-09,East,Corporate,Technology,Keyboard,4,1047.17,95.38
380,2024-01-28,East,Corporate,Furniture,Chair,7,563.99,11.11
381,2023-05-17,East,Home Office,Technology,Monitor,3,853.67,123.04
382,2024-03-26,West,Corporate,Office Supplies,Binder,4,931.79,71.7
383,2023-03-30,East,Home Office,Furniture,Table,7,1100.41,44.69
384,2023-11-19,Central,Home Office,Furniture,Table,10,144.69,17.56
385,2024-09-14,Central,Consumer,Office Supplies,Paper,7,786.27,81.62
386,2023-10-30,West,Corporate,Technology,Laptop,10,591.11,-2.11
387,2023-03-14,Central,Corporate,Technology,Laptop,10,215.33,52.61
388,2024-03-06,South,Consumer,Office Supplies,Binder,5,44.7,-3.26
389,2023-08-09,South,Home Office,Furniture,Chair,7,444.0,82.16
390,2024-03-09,East,Home Office,Technology,Mouse,5,814.12,119.2
391,2023-03-27,West,Consumer,Office Supplies,Paper,2,813.86,45.81
392,2023-11-14,West,Consumer,Technology,Mouse,2,381.83,103.04
393,2024-04-09,East,Corporate,Technology,Printer,3,1005.8,164.17
394,2023-05-03,East,Consumer,Furniture,Table,9,754.69,29.19
395,2023-09-23,West,Home Office,Furniture,Bookcase,2,1176.06,8.83
396,2023-01-31,Central,Home Office,Office Supplies,Storage Box,10,114.53,21.18
397,2024-10-04,South,Home Office,Furniture,Filing Cabinet,10,552.98,55.21
398,2023-06-20,Central,Consumer,Office Supplies,Binder,2,1343.52,227.93
399,2023-08-22,East,Consumer,Technology,Printer,1,1290.86,-122.74
400,2024-04-28,West,Consumer,Office Supplies,Storage Box,9,1398.12,339.73
401,2024-11-02,Central,Consumer,Office Supplies,Binder,5,636.06,119.65
402,2023-03-21,East,Home Office,Technology,Keyboard,4,1016.52,-80.24
403,2024-06-12,East,Corporate,Furniture,Filing Cabinet,5,1301.73,272.6
404,2023-12-02,East,Corporate,Furniture,Filing Cabinet,5,316.99,39.79
405,2024-09-29,Central,Home Office,Furniture,Filing Cabinet,4,1458.35,436.21
406,2024-07-13,East,Corporate,Furniture,Table,1,55.39,6.46
407,2023-12-10,Central,Consumer,Furniture,Filing Cabinet,7,323.69,94.92
408,2024-05-18,Central,Consumer,Furniture,Table,9,84.97,-0.63
409,2024-02-27,South,Home Office,Technology,Keyboard,3,145.66,-9.0
410,2024-10-14,East,Corporate,Office Supplies,Paper,5,1000.42,-47.74
411,2023-09-25,Central,Corporate,Office Supplies,Storage Box,4,690.08,-4.52
412,2023-05-20,West,Consumer,Technology,Laptop,7,263.27,22.75
413,2023-05-04,West,Corporate,Technology,Keyboard,2,476.3,2.86
414,2023-04-03,East,Consumer,Furniture,Bookcase,2,1257.17,39.12
415,2024-12-29,South,Home Office,Furniture,Bookcase,3,92.45,1.81
416,2023-02-01,West,Consumer,Office Supplies,Storage Box,3,703.82,155.94
417,2023-05-05,West,Consumer,Furniture,Chair,2,313.24,18.87
418,2024-08-19,East,Consumer,Technology,Keyboard,8,1495.8,-31.26
419,2023-05-12,East,Consumer,Furniture,Bookcase,10,1414.58,-112.81
420,2024-03-19,South,Consumer,Technology,Mouse,6,586.44,41.44
421,2023-08-08,Central,Corporate,Furniture,Bookcase,10,1327.47,-114.35
422,2024-09-23,South,Corporate,Furniture,Bookcase,2,1326.51,121.52
423,2023-10-14,South,Consumer,Office Supplies,Binder,4,971.13,212.56
424,2024-10-07,South,Home Office,Technology,Laptop,8,551.49,64.97
425,2023-12-19,Central,Corporate,Technology,Printer,10,420.24,-37.64
426,2023-08-13,East,Corporate,Furniture,Bookcase,4,803.56,166.13
427,2023-06-13,West,Corporate,Furniture,Table,1,809.86,175.33
428,2023-08-13,Central,Consumer,Technology,Mouse,6,280.63,38.45
429,2024-08-28,West,Home Office,Furniture,Bookcase,8,1423.59,334.09
430,2024-07-09,South,Consumer,Office Supplies,Binder,4,153.58,-1.07
431,2023-01-21,East,Corporate,Technology,Mouse,3,1378.49,-26.76
432,2023-12-15,Central,Consumer,Technology,Monitor,3,52.43,7.06
433,2023-04-24,East,Corporate,Technology,Keyboard,10,1062.72,175.2
434,2023-04-14,Central,Consumer,Office Supplies,Pen,7,1464.27,282.52
435,2024-10-16,West,Home Office,Office Supplies,Pen,10,1453.74,257.93
436,2024-01-01,South,Corporate,Furniture,Table,3,1106.31,19.7
437,2023-01-02,South,Home Office,Technology,Printer,10,67.93,9.58
438,2023-08-15,East,Corporate,Technology,Printer,4,228.15,45.21
439,2023-12-22,East,Home Office,Office Supplies,Binder,6,1011.64,193.95
440,2024-04-02,West,Consumer,Furniture,Bookcase,2,1045.9,42.04
441,2023-01-02,South,Home Office,Furniture,Filing Cabinet,7,641.09,-21.45
442,2024-05-19,South,Consumer,Office Supplies,Pen,10,1246.63,268.64
443,2024-10-28,West,Corporate,Technology,Monitor,5,129.09,30.76
444,2023-01-21,East,Consumer,Office Supplies,Pen,3,525.88,134.19
445,2023-03-18,Central,Home Office,Technology,Laptop,1,1478.21,380.33
446,2024-03-17,South,Consumer,Technology,Monitor,4,99.26,3.22
447,2024-02-24,Central,Home Office,Technology,Printer,1,436.65,-2.17
448,2024-02-07,South,Consumer,Technology,Printer,2,100.67,-9.91
449,2023-10-29,South,Consumer,Technology,Printer,5,163.54,-2.82
450,2023-03-25,Central,Corporate,Office Supplies,Paper,5,717.0,184.95
451,2023-04-04,South,Consumer,Technology,Printer,3,569.11,29.92
452,2024-04-01,South,Corporate,Furniture,Bookcase,10,409.83,96.24
453,2023-03-05,East,Home Office,Furniture,Chair,10,528.81,61.65
454,2023-08-21,South,Home Office,Technology,Laptop,8,639.58,73.04
455,2024-08-09,Central,Consumer,Furniture,Filing Cabinet,1,604.31,145.99
456,2024-05-29,West,Consumer,Technology,Printer,3,1424.9,113.44
457,2023-08-05,East,Corporate,Furniture,Table,4,135.99,23.56
458,2024-10-04,Central,Home Office,Furniture,Bookcase,7,1372.98,-100.5
459,2024-07-23,Central,Home Office,Office Supplies,Pen,10,698.07,174.09
460,2024-08-24,East,Corporate,Technology,Mouse,10,241.47,30.58
461,2023-04-13,Central,Home Office,Furniture,Chair,5,1322.6,332.18
462,2024-01-28,South,Consumer,Technology,Mouse,10,274.86,16.82
463,2024-09-15,East,Corporate,Technology,Mouse,4,1336.57,43.57
464,2023-02-20,Central,Corporate,Technology,Mouse,5,49.94,11.33
465,2023-11-15,East,Consumer,Office Supplies,Storage Box,8,218.89,63.41
466,2023-11-25,East,Consumer,Office Supplies,Storage Box,7,673.74,178.79
467,2024-05-11,East,Home Office,Technology,Keyboard,9,1191.41,-87.87
468,2024-02-18,West,Consumer,Furniture,Chair,1,1315.27,-25.92
469,2023-09-13,East,Corporate,Furniture,Filing Cabinet,8,1062.86,10.19
470,2024-06-01,East,Consumer,Office Supplies,Paper,3,571.25,78.61
471,2024-04-30,Central,Corporate,Technology,Printer,2,262.0,67.54
472,2023-10-19,East,Consumer,Furniture,Filing Cabinet,4,1283.66,272.05
473,2023-08-15,West,Corporate,Technology,Monitor,1,984.35,103.66
474,2024-04-30,East,Consumer,Furniture,Table,5,393.54,87.38
475,2024-12-30,South,Corporate,Technology,Keyboard,4,1280.35,107.04
476,2024-04-22,East,Consumer,Office Supplies,Storage Box,6,777.04,128.17
477,2024-07-28,Central,Corporate,Technology,Printer,6,1032.93,95.75
478,2023-10-11,Central,Corporate,Technology,Keyboard,5,991.06,278.36
479,2023-07-12,East,Home Office,Furniture,Table,3,618.07,17.2
480,2023-01-27,Central,Corporate,Technology,Mouse,1,1362.23,84.24
481,2024-08-20,West,Corporate,Technology,Printer,9,1095.29,-12.11
482,2024-10-15,Central,Consumer,Office Supplies,Pen,3,1264.15,316.79
483,2023-10-28,West,Home Office,Furniture,Filing Cabinet,3,402.8,89.96
484,2024-11-27,West,Corporate,Office Supplies,Paper,7,350.53,87.13
485,2023-12-06,Central,Corporate,Office Supplies,Pen,10,1279.8,112.9
486,2024-08-17,South,Consumer,Technology,Laptop,7,760.71,187.89
487,2024-06-26,East,Consumer,Office Supplies,Storage Box,7,223.3,-4.44
488,2024-08-06,Central,Home Office,Office Supplies,Binder,6,286.93,-19.42
489,2024-10-08,East,Consumer,Furniture,Bookcase,3,689.04,-11.19
490,2024-08-13,East,Consumer,Furniture,Filing Cabinet,7,929.43,142.57
491,2024-03-15,East,Consumer,Office Supplies,Storage Box,1,810.0,155.73
492,2023-11-26,East,Home Office,Technology,Monitor,4,26.1,5.05
493,2024-12-11,West,Consumer,Office Supplies,Pen,3,587.65,79.61
494,2023-03-08,Central,Corporate,Furniture,Bookcase,6,1097.19,152.01
495,2024-03-20,Central,Corporate,Technology,Monitor,7,551.69,-13.59
496,2023-01-20,West,Consumer,Furniture,Table,3,1106.43,150.34
497,2023-05-07,South,Home Office,Office Supplies,Paper,1,398.57,45.39
498,2024-08-31,East,Consumer,Furniture,Chair,7,1040.83,69.43
499,2023-05-07,South,Home Office,Technology,Keyboard,1,246.63,43.92
500,2023-11-05,Central,Home Office,Office Supplies,Paper,2,916.34,-41.36
501,2024-06-07,East,Corporate,Technology,Printer,4,188.74,-10.85
502,2024-09-15,West,Corporate,Furniture,Bookcase,1,1061.09,19.25
503,2024-07-15,South,Corporate,Office Supplies,Binder,2,367.07,-34.84
504,2023-04-24,West,Consumer,Technology,Mouse,2,1173.7,-82.14
505,2023-09-20,South,Corporate,Technology,Monitor,3,410.91,-32.86
506,2023-02-10,Central,Corporate,Office Supplies,Pen,1,1113.04,-69.01
507,2023-01-10,Central,Corporate,Furniture,Table,5,1343.9,379.03
508,2023-04-06,West,Consumer,Office Supplies,Pen,5,613.15,174.7
509,2024-01-30,South,Home Office,Technology,Mouse,3,1331.46,-44.32
510,2024-12-13,West,Consumer,Technology,Laptop,10,635.72,86.65
511,2024-11-25,South,Corporate,Office Supplies,Binder,3,924.81,226.61
512,2024-05-09,South,Corporate,Office Supplies,Paper,6,88.04,0.41
513,2023-01-13,West,Home Office,Technology,Printer,10,1312.25,141.25
514,2023-04-08,South,Corporate,Office Supplies,Binder,3,1002.29,156.92
515,2024-07-25,East,Home Office,Technology,Laptop,8,1402.87,143.41
516,2024-05-22,South,Corporate,Furniture,Chair,1,376.52,108.46
517,2024-06-03,South,Consumer,Furniture,Filing Cabinet,10,136.67,10.62
518,2024-04-03,South,Corporate,Furniture,Filing Cabinet,1,195.69,19.36
519,2023-04-16,East,Home Office,Office Supplies,Storage Box,10,832.67,191.82
520,2024-09-25,West,Home Office,Technology,Keyboard,6,1013.78,284.0
521,2023-02-25,Central,Home Office,Furniture,Filing Cabinet,6,1155.78,161.79
522,2024-04-08,West,Consumer,Furniture,Chair,5,525.21,121.82
523,2024-07-14,East,Consumer,Technology,Keyboard,7,1347.38,130.65
524,2023-04-20,West,Consumer,Office Supplies,Binder,8,1396.72,79.83
525,2023-07-15,East,Corporate,Technology,Keyboard,10,88.82,13.62
526,2023-05-07,West,Corporate,Office Supplies,Storage Box,9,26.42,5.14
527,2024-03-19,West,Home Office,Technology,Mouse,3,876.26,168.42
528,2023-04-17,South,Corporate,Office Supplies,Pen,4,1469.66,391.46
529,2023-10-08,Central,Corporate,Office Supplies,Pen,10,1211.1,-54.17
530,2024-12-17,Central,Home Office,Technology,Printer,9,830.75,21.24
531,2024-10-09,West,Home Office,Furniture,Table,3,1077.29,188.14
532,2024-12-28,Central,Home Office,Technology,Monitor,8,190.8,7.8
533,2024-08-19,Central,Corporate,Technology,Mouse,1,1216.29,132.69
534,2024-01-26,East,Consumer,Furniture,Chair,5,415.13,88.93
535,2024-11-30,East,Home Office,Office Supplies,Binder,9,1180.85,-21.73
536,2023-02-03,East,Home Office,Office Supplies,Storage Box,4,1304.69,255.45
537,2024-10-24,West,Home Office,Technology,Mouse,5,1180.77,259.21
538,2024-12-10,South,Corporate,Technology,Laptop,6,636.52,137.01
539,2024-07-19,Central,Consumer,Furniture,Chair,8,938.43,199.29
540,2023-08-19,West,Home Office,Technology,Keyboard,3,1447.15,25.57
541,2024-11-30,West,Home Office,Furniture,Table,7,780.49,39.71
542,2023-10-13,West,Consumer,Technology,Keyboard,6,884.3,1.77
543,2024-04-22,East,Consumer,Technology,Monitor,10,1394.37,193.47
544,2024-11-08,Central,Consumer,Office Supplies,Storage Box,4,1180.37,32.04
545,2023-07-08,West,Corporate,Technology,Laptop,6,823.76,50.55
546,2023-08-15,Central,Corporate,Furniture,Bookcase,10,454.49,127.31
547,2024-06-27,East,Home Office,Office Supplies,Paper,10,532.09,-2.05
548,2024-09-28,Central,Corporate,Furniture,Chair,7,1375.58,382.4
549,2023-09-20,East,Home Office,Technology,Keyboard,9,1236.72,61.82
550,2024-04-01,Central,Home Office,Office Supplies,Paper,2,304.92,32.19
551,2023-06-21,East,Home Office,Technology,Printer,4,116.9,19.65
552,2024-12-02,West,Home Office,Office Supplies,Paper,7,1246.55,313.45
553,2024-10-24,East,Corporate,Furniture,Table,2,1080.97,-91.72
554,2023-02-25,East,Home Office,Furniture,Bookcase,7,1236.0,326.79
555,2024-02-02,South,Corporate,Office Supplies,Storage Box,9,45.0,7.62
556,2023-01-07,East,Home Office,Technology,Printer,2,886.7,159.92
557,2024-01-02,Central,Home Office,Technology,Laptop,8,466.0,-30.48
558,2024-01-26,South,Consumer,Office Supplies,Paper,7,809.53,-36.79
559,2024-07-12,Central,Home Office,Office Supplies,Binder,6,1332.73,381.36
560,2023-01-12,West,Consumer,Technology,Printer,7,81.82,10.56
561,2024-07-04,Central,Consumer,Technology,Laptop,6,1127.48,294.74
562,2023-08-05,West,Consumer,Office Supplies,Binder,4,346.77,81.11
563,2023-04-28,South,Home Office,Furniture,Chair,2,833.5,13.55
564,2023-09-14,South,Corporate,Furniture,Table,4,548.56,92.44
565,2023-04-13,West,Corporate,Office Supplies,Paper,5,739.07,23.16
566,2024-12-11,Central,Corporate,Technology,Monitor,6,1438.82,-46.83
567,2023-09-10,Central,Corporate,Furniture,Filing Cabinet,8,218.77,42.26
568,2024-04-18,Central,Corporate,Office Supplies,Pen,10,836.47,-24.84
569,2023-03-25,West,Corporate,Office Supplies,Binder,2,1105.65,166.56
570,2023-01-20,South,Home Office,Technology,Laptop,5,334.89,-28.58
571,2024-07-10,West,Corporate,Technology,Mouse,10,600.9,154.18
572,2023-10-25,East,Corporate,Furniture,Filing Cabinet,4,558.52,-53.49
573,2024-09-20,West,Corporate,Technology,Monitor,10,255.65,32.35
574,2024-11-06,Central,Consumer,Furniture,Filing Cabinet,2,343.85,32.69
575,2023-09-28,East,Home Office,Office Supplies,Binder,6,326.03,85.78
576,2024-02-02,East,Consumer,Office Supplies,Storage Box,9,1471.27,43.59
577,2024-10-10,West,Corporate,Office Supplies,Pen,2,987.44,45.54
578,2024-06-13,West,Home Office,Office Supplies,Storage Box,6,620.65,140.82
579,2024-05-13,West,Corporate,Office Supplies,Paper,5,265.1,-18.34
580,2023-08-05,West,Corporate,Furniture,Table,4,910.99,206.6
581,2024-02-29,South,Home Office,Office Supplies,Paper,3,728.65,-11.45
582,2024-10-24,West,Consumer,Office Supplies,Paper,3,209.27,28.66
583,2024-10-06,West,Consumer,Technology,Laptop,9,266.19,71.6
584,2024-02-20,East,Home Office,Technology,Printer,2,1097.4,250.78
585,2023-08-10,South,Consumer,Office Supplies,Storage Box,3,344.66,22.16
586,2024-08-19,West,Home Office,Furniture,Bookcase,10,1034.67,278.26
587,2024-08-27,South,Corporate,Furniture,Table,9,215.68,-20.14
588,2024-05-31,West,Home Office,Technology,Mouse,10,162.52,14.68
589,2024-09-06,East,Corporate,Furniture,Chair,9,995.9,259.72
590,2023-01-02,South,Corporate,Technology,Mouse,7,1314.74,235.41
591,2023-08-23,Central,Home Office,Office Supplies,Storage Box,10,1210.84,318.62
592,2023-04-11,Central,Corporate,Office Supplies,Binder,2,1153.47,304.56
593,2023-10-18,South,Corporate,Technology,Printer,1,299.75,55.05
594,2024-08-14,East,Corporate,Technology,Laptop,6,988.73,173.13
595,2024-02-23,West,Corporate,Office Supplies,Paper,9,984.33,1.43
596,2024-03-09,Central,Home Office,Technology,Keyboard,9,608.23,-11.27
597,2024-07-24,Central,Home Office,Office Supplies,Binder,5,841.27,1.27
598,2024-08-14,West,Home Office,Office Supplies,Storage Box,3,196.25,-1.59
599,2023-04-13,Central,Home Office,Furniture,Filing Cabinet,1,928.76,161.44
600,2023-06-14,East,Consumer,Office Supplies,Paper,2,718.07,100.6
601,2023-03-07,Central,Consumer,Office Supplies,Binder,7,921.36,174.87
602,2024-09-20,Central,Home Office,Technology,Printer,3,1446.02,-111.36
603,2024-10-17,East,Consumer,Office Supplies,Storage Box,9,1278.84,348.23
604,2023-10-20,West,Home Office,Furniture,Chair,4,270.83,-23.18
605,2024-11-01,East,Corporate,Furniture,Table,7,1173.92,48.43
606,2024-02-20,East,Home Office,Technology,Monitor,9,1061.36,284.1
607,2023-10-19,Central,Corporate,Technology,Printer,10,1445.67,15.33
608,2023-07-19,East,Corporate,Office Supplies,Storage Box,9,279.05,28.6
609,2023-03-16,Central,Consumer,Technology,Keyboard,9,1208.35,341.58
610,2024-08-11,South,Home Office,Office Supplies,Storage Box,6,735.77,-1.98
611,2024-04-14,East,Corporate,Technology,Mouse,4,192.08,-14.02
612,2024-11-24,Central,Corporate,Technology,Monitor,1,1434.06,152.87
613,2024-12-18,Central,Consumer,Office Supplies,Binder,6,610.42,121.79
614,2023-03-19,South,Corporate,Technology,Monitor,5,543.24,140.01
615,2023-07-07,South,Home Office,Technology,Monitor,5,315.51,61.26
616,2023-07-31,West,Home Office,Furniture,Table,2,546.92,115.71
617,2023-03-22,East,Home Office,Technology,Mouse,6,1437.83,343.94
618,2024-09-27,Central,Corporate,Office Supplies,Storage Box,9,290.65,59.79
619,2023-10-14,West,Consumer,Office Supplies,Binder,9,798.09,55.28
620,2023-02-03,South,Home Office,Technology,Keyboard,2,1168.34,96.83
621,2024-12-16,Central,Home Office,Technology,Mouse,7,32.46,5.51
622,2024-08-17,Central,Home Office,Furniture,Bookcase,5,1295.53,-32.57
623,2023-08-31,Central,Corporate,Office Supplies,Storage Box,7,292.19,20.33
624,2024-12-18,South,Corporate,Office Supplies,Pen,10,687.08,88.33
625,2024-12-03,Central,Consumer,Furniture,Chair,4,841.9,204.18
626,2023-05-30,South,Consumer,Technology,Monitor,9,281.38,28.09
627,2024-06-30,South,Corporate,Technology,Keyboard,1,391.44,95.28
628,2024-02-12,East,Consumer,Furniture,Table,2,1224.45,110.95
629,2024-04-05,Central,Corporate,Technology,Keyboard,5,553.25,68.05
630,2023-12-19,East,Corporate,Furniture,Filing Cabinet,4,1303.71,371.88
631,2024-08-13,West,Corporate,Technology,Printer,8,545.56,92.35
632,2024-04-02,Central,Corporate,Furniture,Filing Cabinet,3,954.93,-40.16
633,2024-10-17,South,Consumer,Office Supplies,Storage Box,6,137.09,5.13
634,2023-11-21,Central,Home Office,Technology,Keyboard,8,974.07,8.28
635,2024-01-07,South,Corporate,Technology,Printer,3,267.63,64.68
636,2023-08-29,East,Consumer,Technology,Keyboard,2,267.03,-15.7
637,2024-04-29,East,Corporate,Technology,Laptop,2,795.49,237.38
638,2023-09-26,East,Home Office,Technology,Monitor,4,1398.75,78.24
639,2023-09-11,South,Home Office,Technology,Keyboard,3,207.09,22.92
640,2023-01-30,Central,Corporate,Furniture,Bookcase,5,711.45,176.7
641,2024-07-15,West,Home Office,Office Supplies,Binder,10,904.42,137.85
642,2024-03-21,Central,Corporate,Technology,Printer,2,732.84,-6.7
643,2024-03-28,South,Corporate,Office Supplies,Pen,9,250.46,-23.99
644,2023-05-20,South,Home Office,Office Supplies,Pen,8,32.31,8.69
645,2023-11-03,Central,Home Office,Furniture,Filing Cabinet,6,362.2,-35.17
646,2023-07-13,South,Consumer,Office Supplies,Storage Box,7,261.64,50.98
647,2024-01-23,East,Corporate,Furniture,Bookcase,10,945.48,100.83
648,2024-12-11,Central,Home Office,Technology,Keyboard,7,1119.53,250.24
649,2023-07-12,West,Corporate,Furniture,Table,8,183.33,15.06
650,2023-10-06,South,Consumer,Technology,Printer,9,494.55,-19.36
651,2023-01-23,Central,Corporate,Furniture,Chair,1,205.06,15.45
652,2023-08-27,East,Corporate,Furniture,Table,8,341.44,23.25
653,2024-01-16,Central,Consumer,Office Supplies,Paper,1,1268.45,356.0
654,2023-09-30,South,Consumer,Office Supplies,Paper,7,304.44,72.04
655,2023-01-13,South,Corporate,Furniture,Table,4,385.8,114.9
656,2024-04-16,West,Corporate,Technology,Laptop,6,595.9,169.52
657,2023-06-12,East,Corporate,Technology,Laptop,6,732.22,14.3
658,2023-02-23,East,Consumer,Technology,Monitor,3,956.71,28.52
659,2023-10-10,South,Consumer,Technology,Laptop,8,33.22,-2.76
660,2024-12-05,Central,Consumer,Technology,Monitor,10,388.11,38.8
661,2023-12-13,East,Corporate,Technology,Laptop,2,973.97,175.83
662,2023-05-09,Central,Home Office,Office Supplies,Binder,8,1187.07,240.59
663,2023-07-17,Central,Home Office,Furniture,Filing Cabinet,8,219.4,56.93
664,2024-12-24,South,Consumer,Office Supplies,Pen,6,858.72,100.86
665,2024-04-24,East,Home Office,Office Supplies,Binder,5,249.44,4.56
666,2024-07-08,East,Home Office,Office Supplies,Storage Box,1,768.82,148.74
667,2024-09-26,Central,Home Office,Office Supplies,Binder,7,113.75,32.63
668,2023-07-14,West,Home Office,Technology,Mouse,6,439.03,28.06
669,2023-04-24,East,Consumer,Furniture,Chair,2,284.39,-24.88
670,2024-05-12,East,Home Office,Furniture,Chair,8,969.79,53.76
671,2024-06-22,Central,Consumer,Technology,Printer,2,562.2,80.05
672,2023-01-14,East,Corporate,Furniture,Filing Cabinet,9,1205.51,-91.28
673,2024-03-01,Central,Home Office,Office Supplies,Paper,5,80.17,-5.76
674,2023-03-21,East,Home Office,Furniture,Chair,4,361.91,19.59
675,2024-06-22,West,Home Office,Technology,Monitor,2,1128.81,74.58
676,2024-10-15,South,Home Office,Technology,Keyboard,3,1004.56,254.28
677,2023-07-04,Central,Home Office,Technology,Mouse,8,254.1,76.07
678,2023-12-27,Central,Corporate,Office Supplies,Pen,6,1150.99,83.14
679,2024-09-15,South,Home Office,Furniture,Table,8,1390.7,2.27
680,2024-04-03,East,Corporate,Office Supplies,Paper,5,901.73,96.52
681,2023-01-07,West,Corporate,Office Supplies,Binder,5,52.12,11.92
682,2024-07-20,West,Consumer,Technology,Printer,3,75.85,3.21
683,2023-09-29,West,Corporate,Office Supplies,Binder,7,1220.39,-77.17
684,2024-08-05,Central,Corporate,Furniture,Chair,10,275.9,63.53
685,2023-04-08,East,Home Office,Technology,Keyboard,1,1216.34,64.0
686,2023-12-09,South,Consumer,Office Supplies,Storage Box,10,1307.28,-12.17
687,2023-01-12,East,Corporate,Technology,Mouse,10,796.09,22.07
688,2023-06-03,West,Consumer,Office Supplies,Binder,8,1016.98,304.02
689,2024-09-01,East,Consumer,Technology,Printer,3,659.26,141.44
690,2023-05-16,South,Home Office,Office Supplies,Paper,5,1123.07,133.94
691,2023-03-29,West,Consumer,Office Supplies,Storage Box,7,731.77,-15.19
692,2024-10-29,West,Consumer,Technology,Monitor,6,126.03,26.56
693,2024-12-02,East,Home Office,Technology,Laptop,4,632.1,29.14
694,2023-11-25,Central,Consumer,Office Supplies,Paper,8,1481.72,217.05
695,2024-09-30,East,Consumer,Furniture,Filing Cabinet,2,315.53,15.63
696,2023-04-26,West,Home Office,Technology,Laptop,5,1391.56,344.41
697,2023-01-15,Central,Corporate,Office Supplies,Paper,9,717.36,23.49
698,2023-08-05,South,Home Office,Furniture,Bookcase,1,1100.29,-47.82
699,2024-01-21,East,Corporate,Technology,Printer,10,272.07,3.7
700,2023-10-05,East,Consumer,Furniture,Filing Cabinet,6,595.19,5.07
701,2023-04-21,South,Consumer,Furniture,Bookcase,2,1470.09,152.03
702,2023-11-20,West,Consumer,Office Supplies,Paper,1,760.96,63.31
703,2023-02-10,Central,Corporate,Furniture,Bookcase,6,602.23,-22.4
704,2024-12-01,Central,Consumer,Office Supplies,Pen,5,1494.07,435.42
705,2023-03-05,South,Consumer,Technology,Keyboard,4,1417.32,396.35
706,2023-06-05,West,Consumer,Office Supplies,Storage Box,10,1100.24,119.14
707,2024-10-02,South,Consumer,Technology,Monitor,5,867.89,61.26
708,2024-09-11,West,Consumer,Office Supplies,Storage Box,4,985.66,130.51
709,2023-05-22,South,Consumer,Office Supplies,Binder,3,991.22,124.83
710,2023-11-22,West,Corporate,Furniture,Chair,1,1262.49,-52.76
711,2023-11-23,Central,Corporate,Office Supplies,Storage Box,5,1123.5,256.92
712,2023-06-05,West,Consumer,Furniture,Chair,10,58.77,17.3
713,2023-10-01,West,Home Office,Technology,Printer,6,363.63,63.62
714,2023-03-23,West,Home Office,Technology,Mouse,6,1272.28,111.33
715,2023-07-08,South,Consumer,Office Supplies,Storage Box,7,262.4,-2.49
716,2023-01-16,West,Home Office,Office Supplies,Storage Box,4,1013.58,-19.12
717,2023-03-09,South,Home Office,Furniture,Filing Cabinet,4,500.85,41.58
718,2024-03-13,South,Home Office,Office Supplies,Paper,10,483.09,69.86
719,2024-08-31,East,Home Office,Technology,Printer,1,181.79,15.04
720,2023-09-09,South,Home Office,Technology,Printer,1,78.09,4.29
721,2023-07-14,South,Corporate,Office Supplies,Storage Box,3,1165.04,16.74
722,2024-03-08,West,Corporate,Office Supplies,Paper,9,1248.24,100.71
723,2023-04-26,South,Corporate,Furniture,Table,8,498.72,-44.9
724,2024-08-27,South,Consumer,Technology,Monitor,3,390.12,68.93
725,2023-05-07,South,Home Office,Furniture,Chair,7,557.16,61.02
726,2024-06-07,South,Home Office,Technology,Monitor,6,583.3,120.92
727,2024-08-02,West,Consumer,Technology,Monitor,7,284.72,52.62
728,2023-11-12,Central,Home Office,Office Supplies,Storage Box,4,287.43,74.56
729,2023-01-04,East,Corporate,Technology,Keyboard,1,756.49,75.24
730,2024-09-14,West,Home Office,Office Supplies,Binder,8,996.02,81.17
731,2023-03-23,East,Consumer,Technology,Printer,9,1325.61,14.91
732,2023-08-01,West,Consumer,Furniture,Table,1,986.85,-84.19
733,2024-11-14,Central,Corporate,Technology,Printer,7,1382.17,-111.11
734,2023-07-02,West,Corporate,Furniture,Bookcase,1,1129.02,49.76
735,2023-04-06,Central,Corporate,Office Supplies,Pen,9,1233.99,250.96
736,2023-03-08,West,Consumer,Office Supplies,Storage Box,9,1048.04,10.24
737,2024-02-28,West,Home Office,Technology,Monitor,9,106.11,13.64
738,2023-03-31,South,Home Office,Office Supplies,Pen,10,1274.74,4.93
739,2024-09-30,South,Home Office,Office Supplies,Binder,3,1099.19,108.93
740,2024-09-16,West,Consumer,Furniture,Bookcase,2,194.95,16.76
741,2023-08-01,South,Consumer,Technology,Mouse,4,514.01,63.82
742,2023-01-12,Central,Corporate,Technology,Monitor,9,1189.49,27.49
743,2024-07-17,East,Home Office,Office Supplies,Paper,10,513.26,29.98
744,2024-09-22,West,Corporate,Furniture,Table,8,1254.06,337.23
745,2024-04-30,South,Consumer,Furniture,Table,9,948.26,243.54
746,2023-12-10,East,Home Office,Office Supplies,Storage Box,6,463.03,87.97
747,2024-07-22,West,Home Office,Technology,Laptop,6,1034.53,227.4
748,2023-03-09,East,Corporate,Furniture,Bookcase,3,1475.76,222.26
749,2024-08-07,West,Home Office,Technology,Mouse,5,192.93,41.08
750,2024-12-23,Central,Corporate,Office Supplies,Paper,6,148.46,37.24
751,2024-04-07,Central,Consumer,Office Supplies,Binder,4,186.1,39.82
752,2023-04-05,South,Home Office,Office Supplies,Paper,8,248.04,8.94
753,2024-06-20,West,Consumer,Office Supplies,Pen,3,1236.77,340.37
754,2023-07-30,South,Corporate,Technology,Laptop,1,1076.24,117.24
755,2023-11-15,Central,Corporate,Furniture,Chair,5,1336.0,-78.5
756,2023-01-24,West,Corporate,Technology,Keyboard,9,316.82,4.63
757,2023-11-23,Central,Consumer,Office Supplies,Paper,10,253.09,-13.72
758,2024-07-27,West,Home Office,Technology,Laptop,3,538.47,14.75
759,2024-12-22,West,Consumer,Office Supplies,Binder,9,480.84,123.53
760,2024-03-30,East,Corporate,Furniture,Table,7,1356.87,-108.3
761,2023-02-25,South,Consumer,Furniture,Filing Cabinet,8,1062.92,272.65
762,2024-09-23,Central,Consumer,Office Supplies,Pen,9,1075.09,180.99
763,2023-03-22,East,Home Office,Office Supplies,Binder,8,713.05,58.64
764,2024-04-26,West,Home Office,Furniture,Table,3,401.92,18.24
765,2024-12-17,Central,Corporate,Technology,Keyboard,2,741.51,-54.76
766,2023-12-26,West,Corporate,Office Supplies,Storage Box,3,1156.55,163.97
767,2024-06-04,East,Corporate,Furniture,Filing Cabinet,5,843.1,-60.39
768,2024-06-29,South,Consumer,Office Supplies,Storage Box,8,938.89,111.9
769,2024-01-29,West,Home Office,Furniture,Bookcase,7,894.64,191.21
770,2024-08-03,West,Home Office,Office Supplies,Binder,10,1011.02,197.9
771,2024-05-13,Central,Home Office,Furniture,Filing Cabinet,5,164.53,12.85
772,2024-02-20,South,Corporate,Furniture,Chair,2,751.56,123.31
773,2023-08-11,West,Home Office,Furniture,Chair,7,240.84,27.1
774,2024-09-22,West,Consumer,Technology,Mouse,10,1028.64,27.4
775,2024-11-26,Central,Consumer,Office Supplies,Storage Box,9,882.44,127.6
776,2024-02-18,East,Corporate,Furniture,Bookcase,1,1353.59,388.7
777,2024-12-21,East,Corporate,Technology,Keyboard,10,1301.21,-7.68
778,2024-02-08,South,Corporate,Technology,Keyboard,3,584.72,69.02
779,2024-05-01,South,Corporate,Furniture,Table,3,1263.14,-48.37
780,2023-05-18,East,Consumer,Furniture,Chair,7,1087.58,102.97
781,2023-05-20,South,Corporate,Furniture,Table,7,1342.5,239.17
782,2024-09-30,South,Home Office,Furniture,Filing Cabinet,4,1233.71,66.48
783,2023-07-10,South,Home Office,Office Supplies,Paper,7,370.39,37.3
784,2024-07-13,East,Consumer,Technology,Keyboard,2,860.86,156.64
785,2024-08-17,West,Home Office,Office Supplies,Paper,5,1102.31,323.45
786,2024-04-21,East,Consumer,Technology,Laptop,2,719.23,141.45
787,2024-12-01,Central,Home Office,Technology,Printer,1,98.11,3.67
788,2024-04-25,Central,Corporate,Office Supplies,Storage Box,5,542.31,157.87
789,2023-10-24,Central,Home Office,Furniture,Chair,8,1181.83,4.94
790,2024-08-15,Central,Home Office,Furniture,Chair,2,943.99,13.9
791,2023-05-10,Central,Corporate,Technology,Laptop,5,216.16,2.68
792,2023-01-15,West,Home Office,Technology,Laptop,6,1113.67,182.27
793,2023-06-29,South,Consumer,Office Supplies,Binder,6,1203.07,294.52
794,2023-03-28,South,Corporate,Furniture,Table,8,1160.14,-5.59
795,2024-10-14,Central,Consumer,Furniture,Table,2,970.55,196.24
796,2023-02-23,South,Corporate,Furniture,Filing Cabinet,9,466.02,92.49
797,2023-08-28,South,Corporate,Office Supplies,Storage Box,1,234.82,58.26
798,2023-10-23,Central,Home Office,Office Supplies,Storage Box,9,1030.66,-86.16
799,2024-10-14,Central,Corporate,Office Supplies,Storage Box,5,420.08,92.81
800,2024-11-01,South,Home Office,Technology,Mouse,10,1128.65,218.65
801,2023-07-19,West,Corporate,Technology,Keyboard,2,830.47,140.45
802,2023-01-13,East,Home Office,Office Supplies,Paper,5,679.99,-8.32
803,2023-09-15,East,Home Office,Furniture,Chair,4,156.07,42.98
804,2024-09-05,East,Consumer,Technology,Laptop,10,1287.53,-61.85
805,2023-07-09,Central,Corporate,Furniture,Table,8,711.09,195.17
806,2023-10-11,Central,Consumer,Office Supplies,Pen,1,1175.48,12.83
807,2024-01-27,East,Corporate,Office Supplies,Pen,8,1434.3,8.41
808,2023-03-13,South,Consumer,Office Supplies,Binder,9,975.32,-55.23
809,2024-03-17,South,Home Office,Furniture,Chair,2,403.31,-34.71
810,2024-08-08,South,Consumer,Technology,Keyboard,1,1346.84,-54.49
811,2023-02-08,Central,Consumer,Technology,Mouse,10,1056.08,276.53
812,2023-01-04,South,Corporate,Technology,Mouse,2,617.79,118.06
813,2024-07-07,South,Home Office,Furniture,Chair,10,1230.61,114.23
814,2024-07-02,Central,Corporate,Office Supplies,Pen,2,101.69,30.39
815,2024-01-10,East,Corporate,Technology,Keyboard,4,1145.47,18.31
816,2023-06-30,South,Home Office,Technology,Laptop,2,302.68,53.98
817,2024-10-07,South,Consumer,Technology,Keyboard,4,1330.12,100.02
818,2023-05-24,East,Home Office,Furniture,Table,7,1494.65,-6.88
819,2023-03-06,South,Home Office,Technology,Keyboard,1,1448.13,325.41
820,2023-02-07,Central,Home Office,Office Supplies,Paper,9,83.37,-4.4
821,2024-04-14,West,Home Office,Technology,Printer,1,877.43,236.84
822,2023-05-25,South,Home Office,Office Supplies,Paper,3,87.79,15.85
823,2023-01-15,Central,Consumer,Furniture,Chair,10,695.15,-22.05
824,2023-03-07,South,Home Office,Furniture,Chair,4,1202.78,-14.16
825,2024-03-12,Central,Consumer,Office Supplies,Storage Box,3,1464.26,190.92
826,2023-11-26,West,Corporate,Furniture,Chair,7,113.57,1.09
827,2023-06-22,West,Corporate,Technology,Keyboard,3,380.59,50.54
828,2023-04-13,South,Consumer,Technology,Printer,1,43.13,4.09
829,2023-01-08,Central,Corporate,Furniture,Chair,8,1046.39,226.96
830,2024-12-09,West,Home Office,Furniture,Table,4,421.01,33.75
831,2023-06-28,West,Home Office,Technology,Laptop,5,759.83,212.84
832,2023-12-23,West,Consumer,Office Supplies,Paper,2,193.91,21.73
833,2024-09-25,South,Home Office,Office Supplies,Binder,4,995.8,10.53
834,2023-04-26,South,Consumer,Furniture,Filing Cabinet,1,256.44,69.0
835,2024-10-22,West,Corporate,Office Supplies,Pen,8,392.05,57.52
836,2023-02-14,West,Consumer,Furniture,Chair,2,1182.53,111.19
837,2023-03-14,Central,Corporate,Furniture,Filing Cabinet,6,314.15,53.64
838,2023-08-24,West,Consumer,Furniture,Bookcase,4,370.94,24.13
839,2024-01-20,South,Home Office,Furniture,Chair,3,736.92,188.8
840,2023-08-10,West,Corporate,Technology,Mouse,4,572.76,47.59
841,2024-10-09,West,Corporate,Office Supplies,Pen,1,208.27,36.84
842,2023-10-15,South,Corporate,Furniture,Chair,4,638.97,130.44
843,2023-10-30,West,Home Office,Technology,Monitor,2,1455.8,352.31
844,2024-02-26,West,Home Office,Technology,Mouse,1,720.76,61.34
845,2024-03-14,West,Corporate,Technology,Monitor,10,662.69,-7.31
846,2023-06-02,South,Consumer,Technology,Laptop,9,79.29,7.0
847,2023-02-04,South,Home Office,Office Supplies,Storage Box,4,1235.51,100.05
848,2023-03-27,South,Consumer,Technology,Laptop,2,216.41,3.96
849,2023-01-17,West,Home Office,Office Supplies,Pen,10,699.74,89.67
850,2023-01-25,West,Home Office,Office Supplies,Storage Box,6,619.93,133.87
851,2024-10-03,East,Corporate,Office Supplies,Paper,1,1342.28,44.51
852,2023-10-31,West,Home Office,Office Supplies,Pen,1,139.82,35.28
853,2024-06-11,East,Consumer,Technology,Keyboard,1,586.77,50.55
854,2024-01-10,East,Home Office,Office Supplies,Binder,6,1069.82,-19.38
855,2023-09-02,South,Home Office,Technology,Laptop,4,1409.94,186.18
856,2023-08-19,Central,Home Office,Office Supplies,Pen,2,1026.74,11.15
857,2024-01-17,South,Home Office,Office Supplies,Storage Box,9,799.49,-40.71
858,2024-11-25,South,Home Office,Technology,Keyboard,2,564.86,95.64
859,2023-07-12,East,Corporate,Office Supplies,Paper,2,1348.96,20.71
860,2023-04-22,East,Home Office,Furniture,Bookcase,4,238.97,-9.51
861,2024-06-17,Central,Corporate,Technology,Laptop,3,1454.97,169.61
862,2024-04-30,South,Home Office,Office Supplies,Storage Box,2,974.13,16.18
863,2023-01-23,South,Home Office,Furniture,Bookcase,6,527.33,83.54
864,2024-05-12,South,Corporate,Technology,Printer,5,470.04,-22.19
865,2023-06-25,South,Corporate,Office Supplies,Binder,1,1456.67,302.84
866,2023-06-01,South,Consumer,Office Supplies,Pen,9,935.57,-33.38
867,2023-10-20,West,Consumer,Furniture,Table,6,372.1,-31.09
868,2024-08-11,Central,Corporate,Furniture,Filing Cabinet,1,293.05,36.63
869,2024-11-12,West,Corporate,Office Supplies,Pen,9,683.68,198.39
870,2023-11-05,South,Corporate,Furniture,Chair,6,1157.41,323.05
871,2023-06-09,Central,Corporate,Furniture,Bookcase,10,1346.05,387.45
872,2024-11-13,Central,Home Office,Furniture,Filing Cabinet,1,186.23,17.06
873,2023-05-23,East,Corporate,Technology,Printer,4,56.7,8.34
874,2024-04-01,Central,Consumer,Office Supplies,Paper,9,920.06,-20.19
875,2023-08-16,East,Consumer,Office Supplies,Binder,2,816.85,63.86
876,2024-06-08,South,Corporate,Office Supplies,Binder,1,912.69,95.49
877,2024-11-13,West,Home Office,Office Supplies,Storage Box,6,1283.63,61.42
878,2023-01-13,Central,Corporate,Office Supplies,Pen,2,1466.73,366.27
879,2023-08-09,South,Corporate,Technology,Mouse,7,447.18,99.39
880,2024-02-29,West,Consumer,Furniture,Chair,9,468.78,138.46
881,2023-12-10,East,Consumer,Furniture,Filing Cabinet,7,626.0,166.37
882,2023-06-29,West,Consumer,Technology,Mouse,9,295.29,15.56
883,2024-05-17,Central,Corporate,Furniture,Bookcase,1,847.74,72.38
884,2023-01-03,Central,Home Office,Furniture,Bookcase,5,1254.68,111.69
885,2024-03-03,West,Consumer,Furniture,Filing Cabinet,2,196.64,2.14
886,2024-09-05,South,Home Office,Technology,Keyboard,8,665.38,2.11
887,2024-12-11,East,Corporate,Furniture,Bookcase,6,261.01,-19.99
888,2024-04-17,Central,Consumer,Technology,Monitor,6,98.27,4.37
889,2023-02-19,East,Home Office,Office Supplies,Pen,2,306.85,46.4
890,2024-09-05,Central,Home Office,Furniture,Bookcase,6,1203.82,10.33
891,2023-04-09,Central,Consumer,Technology,Printer,6,39.09,4.19
892,2024-05-11,West,Consumer,Office Supplies,Pen,4,342.46,34.71
893,2024-07-26,East,Corporate,Technology,Printer,3,701.53,-48.71
894,2023-01-18,Central,Home Office,Office Supplies,Pen,10,556.6,126.25
895,2024-06-19,Central,Consumer,Office Supplies,Binder,3,1121.8,-58.96
896,2024-12-11,Central,Consumer,Furniture,Table,7,330.56,96.67
897,2024-12-08,East,Corporate,Furniture,Chair,2,1140.85,-94.68
898,2023-02-03,East,Corporate,Technology,Printer,2,196.0,0.24
899,2023-11-05,East,Consumer,Technology,Laptop,4,1381.75,-24.65
900,2023-07-09,East,Consumer,Technology,Keyboard,5,235.42,46.73
901,2024-08-16,West,Home Office,Office Supplies,Pen,9,1175.59,170.68
902,2024-08-06,East,Home Office,Furniture,Chair,5,341.16,-7.98
903,2023-06-25,East,Consumer,Technology,Laptop,8,1382.31,332.47
904,2024-01-11,West,Corporate,Technology,Printer,6,1016.82,-58.03
905,2024-01-24,West,Corporate,Office Supplies,Binder,2,187.01,54.95
906,2024-04-22,South,Corporate,Furniture,Table,1,1063.0,130.59
907,2023-03-26,East,Corporate,Office Supplies,Storage Box,5,439.74,61.63
908,2024-12-04,South,Corporate,Office Supplies,Binder,2,1477.74,105.19
909,2024-05-02,West,Consumer,Technology,Keyboard,2,1498.11,144.81
910,2024-02-10,East,Consumer,Office Supplies,Paper,2,604.32,107.58
911,2023-06-22,West,Corporate,Furniture,Bookcase,7,316.39,75.18
912,2023-05-06,South,Corporate,Furniture,Filing Cabinet,10,1151.93,237.75
913,2023-10-07,Central,Corporate,Technology,Mouse,8,1006.68,281.93
914,2024-06-07,South,Consumer,Office Supplies,Binder,4,200.84,19.23
915,2024-10-05,East,Home Office,Furniture,Chair,1,98.22,-7.14
916,2023-07-03,West,Corporate,Office Supplies,Pen,2,940.51,-57.81
917,2024-11-07,South,Consumer,Technology,Mouse,9,454.47,45.07
918,2023-09-25,East,Consumer,Technology,Keyboard,2,1486.25,374.61
919,2024-01-28,South,Corporate,Office Supplies,Pen,9,700.29,-60.82
920,2024-11-06,South,Corporate,Office Supplies,Binder,8,219.04,40.8
921,2023-04-23,South,Corporate,Technology,Mouse,1,852.14,-31.93
922,2024-02-05,South,Home Office,Office Supplies,Storage Box,5,1021.2,210.97
923,2023-11-25,East,Consumer,Furniture,Chair,10,1258.66,49.78
924,2023-01-28,South,Consumer,Technology,Keyboard,7,653.66,193.99
925,2023-12-26,West,Consumer,Furniture,Table,2,979.16,134.16
926,2023-11-09,West,Consumer,Furniture,Bookcase,7,816.86,-69.47
927,2024-08-04,Central,Consumer,Technology,Mouse,6,1050.02,141.96
928,2024-01-22,Central,Home Office,Technology,Mouse,4,164.63,15.7
929,2023-12-11,West,Home Office,Office Supplies,Pen,4,463.29,133.32
930,2024-05-23,West,Corporate,Technology,Laptop,10,412.43,7.81
931,2024-02-16,East,Home Office,Furniture,Chair,9,518.52,-37.9
932,2024-05-01,Central,Consumer,Office Supplies,Binder,5,984.27,20.41
933,2024-03-19,Central,Consumer,Technology,Printer,9,633.19,0.32
934,2024-04-09,West,Consumer,Technology,Printer,3,949.21,101.08
935,2024-08-13,South,Corporate,Office Supplies,Binder,10,1407.0,159.11
936,2024-03-20,West,Corporate,Technology,Laptop,5,704.48,-2.71
937,2024-03-21,East,Home Office,Office Supplies,Pen,5,321.27,20.87
938,2024-10-23,West,Corporate,Furniture,Bookcase,1,372.96,-14.92
939,2023-09-09,South,Home Office,Office Supplies,Storage Box,1,1487.11,102.32
940,2023-07-26,West,Consumer,Furniture,Bookcase,9,402.43,89.1
941,2023-06-30,South,Consumer,Technology,Laptop,6,101.88,26.35
942,2024-09-08,South,Corporate,Office Supplies,Paper,7,1014.07,257.87
943,2023-05-24,East,Home Office,Furniture,Chair,9,1003.04,132.57
944,2023-09-15,West,Home Office,Office Supplies,Paper,6,200.97,44.75
945,2024-08-21,West,Corporate,Technology,Mouse,4,342.65,-19.63
946,2023-10-09,Central,Home Office,Office Supplies,Storage Box,2,102.77,11.65
947,2023-11-21,South,Home Office,Technology,Mouse,3,384.59,4.27
948,2024-01-07,Central,Consumer,Office Supplies,Pen,1,975.19,255.59
949,2024-11-09,Central,Home Office,Furniture,Table,6,589.34,91.69
950,2024-12-02,South,Corporate,Furniture,Table,5,31.64,9.0
951,2023-11-05,Central,Consumer,Furniture,Table,8,1291.94,-46.39
952,2024-10-08,East,Corporate,Office Supplies,Storage Box,8,1302.34,298.6
953,2024-04-27,Central,Home Office,Technology,Mouse,2,645.1,172.51
954,2023-06-14,East,Corporate,Technology,Keyboard,9,642.89,123.24
955,2023-12-01,East,Home Office,Office Supplies,Paper,3,969.56,147.43
956,2023-01-04,Central,Corporate,Office Supplies,Binder,4,872.2,-48.55
957,2024-06-12,South,Corporate,Technology,Monitor,3,688.21,171.64
958,2023-09-24,Central,Consumer,Furniture,Bookcase,7,144.91,6.82
959,2024-01-22,East,Consumer,Technology,Monitor,4,1386.21,220.19
960,2023-04-02,Central,Home Office,Office Supplies,Binder,10,1280.71,-102.57
961,2024-03-15,West,Consumer,Technology,Keyboard,10,1437.89,-45.94
962,2023-05-01,South,Home Office,Furniture,Filing Cabinet,4,751.34,-7.67
963,2023-07-15,South,Corporate,Office Supplies,Pen,10,212.7,51.59
964,2023-08-09,South,Consumer,Office Supplies,Binder,5,624.62,-26.0
965,2023-09-26,West,Corporate,Furniture,Filing Cabinet,2,882.7,140.26
966,2023-01-11,Central,Home Office,Office Supplies,Binder,7,608.38,-9.19
967,2024-12-26,East,Consumer,Office Supplies,Pen,4,844.36,-66.84
968,2024-04-27,East,Corporate,Office Supplies,Paper,7,766.72,40.16
969,2024-11-18,East,Home Office,Office Supplies,Binder,8,285.47,-9.15
970,2023-12-14,East,Corporate,Office Supplies,Binder,5,1071.18,78.38
971,2023-04-30,West,Corporate,Office Supplies,Paper,6,1310.09,306.46
972,2024-03-16,Central,Home Office,Office Supplies,Pen,6,483.26,124.23
973,2024-05-18,East,Consumer,Furniture,Filing Cabinet,1,239.96,-1.93
974,2024-04-26,South,Corporate,Office Supplies,Binder,8,191.72,49.48
975,2023-02-11,South,Corporate,Office Supplies,Pen,3,749.62,178.66
976,2023-05-07,West,Corporate,Office Supplies,Paper,9,287.37,-9.39
977,2023-10-07,West,Home Office,Technology,Printer,10,1497.05,-147.23
978,2023-07-04,West,Corporate,Office Supplies,Paper,1,1021.82,260.51
979,2023-10-19,South,Corporate,Technology,Laptop,6,893.7,250.67
980,2023-06-07,South,Home Office,Furniture,Chair,5,996.12,81.31
981,2024-08-31,Central,Consumer,Technology,Laptop,6,991.14,277.87
982,2024-08-05,East,Home Office,Furniture,Table,2,438.77,96.2
983,2024-07-14,East,Corporate,Technology,Mouse,7,397.64,-1.58
984,2023-04-02,West,Corporate,Furniture,Table,3,1173.65,16.4
985,2023-05-04,South,Home Office,Office Supplies,Storage Box,10,1213.4,29.17
986,2023-05-15,Central,Home Office,Office Supplies,Paper,7,315.81,24.69
987,2024-05-02,East,Corporate,Office Supplies,Storage Box,7,1220.27,177.61
988,2024-10-07,East,Home Office,Office Supplies,Paper,4,525.78,44.91
989,2024-10-25,South,Home Office,Technology,Monitor,5,951.75,104.57
990,2024-04-24,South,Corporate,Office Supplies,Paper,5,239.94,-11.73
991,2023-09-12,Central,Home Office,Technology,Mouse,1,90.64,-6.29
992,2024-06-09,South,Consumer,Furniture,Filing Cabinet,5,707.69,133.13
993,2023-12-30,East,Consumer,Office Supplies,Paper,3,1115.96,95.03
994,2024-02-07,South,Home Office,Furniture,Chair,8,460.52,62.12
995,2024-11-17,Central,Consumer,Office Supplies,Pen,10,332.38,-22.84
996,2023-09-23,South,Home Office,Technology,Laptop,1,46.51,2.7
997,2023-06-25,South,Home Office,Technology,Mouse,10,619.54,101.04
998,2024-05-13,South,Corporate,Office Supplies,Pen,4,149.7,-6.88
999,2023-04-25,East,Consumer,Furniture,Table,4,732.05,-30.7
1000,2024-03-22,West,Consumer,Technology,Printer,8,465.36,39.73
